Project Name,Package Name,Architecture Smell,Cause of the Smell,Tag
tika,org.apache.tika.example,God Component,The tool detected the smell in this component because the component contains high number of classes. Number of classes in the component are: 49,1.18-rc1
tika,org.apache.tika.sax,God Component,The tool detected the smell in this component because the component contains high number of classes. Number of classes in the component are: 52,1.18-rc1
tika,org.apache.tika.detect,God Component,The tool detected the smell in this component because the component contains high number of classes. Number of classes in the component are: 32,1.18-rc1
tika,org.apache.tika.parser,God Component,The tool detected the smell in this component because the component contains high number of classes. Number of classes in the component are: 39,1.18-rc1
tika,org.apache.tika.parser.txt,God Component,The tool detected the smell in this component because the component contains high number of classes. Number of classes in the component are: 63,1.18-rc1
tika,org.apache.tika.parser.microsoft,God Component,The tool detected the smell in this component because the component contains high number of classes. Number of classes in the component are: 52,1.18-rc1
tika,org.apache.tika.parser.microsoft.ooxml,God Component,The tool detected the smell in this component because the component contains high number of classes. Number of classes in the component are: 32,1.18-rc1
tika,org.apache.tika.mime,God Component,The tool detected the smell in this component because the component contains high number of classes. Number of classes in the component are: 32,1.18-rc1
tika,org.apache.tika.metadata,God Component,The tool detected the smell in this component because the component contains high number of classes. Number of classes in the component are: 35,1.18-rc1
tika,org.apache.tika.batch,God Component,The tool detected the smell in this component because the component contains high number of classes. Number of classes in the component are: 31,1.18-rc1
tika,org.apache.tika.parser.txt,God Component,The tool detected the smell in this component because the component contains high number of classes. Number of classes in the component are: 74,1.5-rc1
tika,org.apache.tika.sax,God Component,The tool detected the smell in this component because the component contains high number of classes. Number of classes in the component are: 35,1.5-rc1
tika,org.apache.tika.parser.txt,God Component,The tool detected the smell in this component because the component contains high number of classes. Number of classes in the component are: 74,0.1-incubating
tika,org.apache.tika.sax,God Component,The tool detected the smell in this component because the component contains high number of classes. Number of classes in the component are: 35,0.1-incubating
tika,org.apache.tika.example,God Component,The tool detected the smell in this component because the component contains high number of classes. Number of classes in the component are: 49,1.18-rc2
tika,org.apache.tika.sax,God Component,The tool detected the smell in this component because the component contains high number of classes. Number of classes in the component are: 52,1.18-rc2
tika,org.apache.tika.detect,God Component,The tool detected the smell in this component because the component contains high number of classes. Number of classes in the component are: 32,1.18-rc2
tika,org.apache.tika.parser,God Component,The tool detected the smell in this component because the component contains high number of classes. Number of classes in the component are: 39,1.18-rc2
tika,org.apache.tika.parser.txt,God Component,The tool detected the smell in this component because the component contains high number of classes. Number of classes in the component are: 63,1.18-rc2
tika,org.apache.tika.parser.microsoft,God Component,The tool detected the smell in this component because the component contains high number of classes. Number of classes in the component are: 52,1.18-rc2
tika,org.apache.tika.parser.microsoft.ooxml,God Component,The tool detected the smell in this component because the component contains high number of classes. Number of classes in the component are: 32,1.18-rc2
tika,org.apache.tika.mime,God Component,The tool detected the smell in this component because the component contains high number of classes. Number of classes in the component are: 32,1.18-rc2
tika,org.apache.tika.metadata,God Component,The tool detected the smell in this component because the component contains high number of classes. Number of classes in the component are: 35,1.18-rc2
tika,org.apache.tika.batch,God Component,The tool detected the smell in this component because the component contains high number of classes. Number of classes in the component are: 31,1.18-rc2
tika,org.apache.tika.parser.txt,God Component,The tool detected the smell in this component because the component contains high number of classes. Number of classes in the component are: 74,1.5-rc2
tika,org.apache.tika.sax,God Component,The tool detected the smell in this component because the component contains high number of classes. Number of classes in the component are: 35,1.5-rc2
tika,org.apache.tika.example,God Component,The tool detected the smell in this component because the component contains high number of classes. Number of classes in the component are: 49,1.11-rc1
tika,org.apache.tika.sax,God Component,The tool detected the smell in this component because the component contains high number of classes. Number of classes in the component are: 43,1.11-rc1
tika,org.apache.tika.parser,God Component,The tool detected the smell in this component because the component contains high number of classes. Number of classes in the component are: 32,1.11-rc1
tika,org.apache.tika.parser.txt,God Component,The tool detected the smell in this component because the component contains high number of classes. Number of classes in the component are: 74,1.11-rc1
tika,org.apache.tika.parser.microsoft,God Component,The tool detected the smell in this component because the component contains high number of classes. Number of classes in the component are: 40,1.11-rc1
tika,org.apache.tika.mime,God Component,The tool detected the smell in this component because the component contains high number of classes. Number of classes in the component are: 31,1.11-rc1
tika,org.apache.tika.batch,God Component,The tool detected the smell in this component because the component contains high number of classes. Number of classes in the component are: 31,1.11-rc1
tika,org.apache.tika.sax,God Component,The tool detected the smell in this component because the component contains high number of classes. Number of classes in the component are: 42,1.8
tika,org.apache.tika.parser.txt,God Component,The tool detected the smell in this component because the component contains high number of classes. Number of classes in the component are: 74,1.8
tika,org.apache.tika.parser.microsoft,God Component,The tool detected the smell in this component because the component contains high number of classes. Number of classes in the component are: 32,1.8
tika,org.apache.tika.parser.txt,God Component,The tool detected the smell in this component because the component contains high number of classes. Number of classes in the component are: 74,1.4-rc2
tika,org.apache.tika.sax,God Component,The tool detected the smell in this component because the component contains high number of classes. Number of classes in the component are: 35,1.4-rc2
tika,org.apache.tika.example,God Component,The tool detected the smell in this component because the component contains high number of classes. Number of classes in the component are: 46,1.10-rc1
tika,org.apache.tika.sax,God Component,The tool detected the smell in this component because the component contains high number of classes. Number of classes in the component are: 43,1.10-rc1
tika,org.apache.tika.parser,God Component,The tool detected the smell in this component because the component contains high number of classes. Number of classes in the component are: 32,1.10-rc1
tika,org.apache.tika.parser.txt,God Component,The tool detected the smell in this component because the component contains high number of classes. Number of classes in the component are: 74,1.10-rc1
tika,org.apache.tika.parser.microsoft,God Component,The tool detected the smell in this component because the component contains high number of classes. Number of classes in the component are: 40,1.10-rc1
tika,org.apache.tika.mime,God Component,The tool detected the smell in this component because the component contains high number of classes. Number of classes in the component are: 31,1.10-rc1
tika,org.apache.tika.batch,God Component,The tool detected the smell in this component because the component contains high number of classes. Number of classes in the component are: 31,1.10-rc1
tika,org.apache.tika.example,God Component,The tool detected the smell in this component because the component contains high number of classes. Number of classes in the component are: 47,1.19.1
tika,org.apache.tika.sax,God Component,The tool detected the smell in this component because the component contains high number of classes. Number of classes in the component are: 54,1.19.1
tika,org.apache.tika.detect,God Component,The tool detected the smell in this component because the component contains high number of classes. Number of classes in the component are: 32,1.19.1
tika,org.apache.tika.parser,God Component,The tool detected the smell in this component because the component contains high number of classes. Number of classes in the component are: 43,1.19.1
tika,org.apache.tika.parser.txt,God Component,The tool detected the smell in this component because the component contains high number of classes. Number of classes in the component are: 63,1.19.1
tika,org.apache.tika.parser.microsoft,God Component,The tool detected the smell in this component because the component contains high number of classes. Number of classes in the component are: 65,1.19.1
tika,org.apache.tika.parser.microsoft.ooxml,God Component,The tool detected the smell in this component because the component contains high number of classes. Number of classes in the component are: 32,1.19.1
tika,org.apache.tika.mime,God Component,The tool detected the smell in this component because the component contains high number of classes. Number of classes in the component are: 32,1.19.1
tika,org.apache.tika.fork,God Component,The tool detected the smell in this component because the component contains high number of classes. Number of classes in the component are: 32,1.19.1
tika,org.apache.tika.metadata,God Component,The tool detected the smell in this component because the component contains high number of classes. Number of classes in the component are: 35,1.19.1
tika,org.apache.tika.server,God Component,The tool detected the smell in this component because the component contains high number of classes. Number of classes in the component are: 35,1.19.1
tika,org.apache.tika.batch,God Component,The tool detected the smell in this component because the component contains high number of classes. Number of classes in the component are: 31,1.19.1
tika,org.apache.tika.example,God Component,The tool detected the smell in this component because the component contains high number of classes. Number of classes in the component are: 49,1.24.1
tika,org.apache.tika.sax,God Component,The tool detected the smell in this component because the component contains high number of classes. Number of classes in the component are: 54,1.24.1
tika,org.apache.tika.detect,God Component,The tool detected the smell in this component because the component contains high number of classes. Number of classes in the component are: 32,1.24.1
tika,org.apache.tika.parser,God Component,The tool detected the smell in this component because the component contains high number of classes. Number of classes in the component are: 47,1.24.1
tika,org.apache.tika.parser.txt,God Component,The tool detected the smell in this component because the component contains high number of classes. Number of classes in the component are: 63,1.24.1
tika,org.apache.tika.parser.microsoft,God Component,The tool detected the smell in this component because the component contains high number of classes. Number of classes in the component are: 53,1.24.1
tika,org.apache.tika.parser.microsoft.ooxml,God Component,The tool detected the smell in this component because the component contains high number of classes. Number of classes in the component are: 32,1.24.1
tika,org.apache.tika.parser.microsoft.onenote,God Component,The tool detected the smell in this component because the component contains high number of classes. Number of classes in the component are: 49,1.24.1
tika,org.apache.tika.mime,God Component,The tool detected the smell in this component because the component contains high number of classes. Number of classes in the component are: 32,1.24.1
tika,org.apache.tika.fork,God Component,The tool detected the smell in this component because the component contains high number of classes. Number of classes in the component are: 32,1.24.1
tika,org.apache.tika.metadata,God Component,The tool detected the smell in this component because the component contains high number of classes. Number of classes in the component are: 36,1.24.1
tika,org.apache.tika.server,God Component,The tool detected the smell in this component because the component contains high number of classes. Number of classes in the component are: 38,1.24.1
tika,org.apache.tika.batch,God Component,The tool detected the smell in this component because the component contains high number of classes. Number of classes in the component are: 32,1.24.1
tika,org.apache.tika.example,God Component,The tool detected the smell in this component because the component contains high number of classes. Number of classes in the component are: 49,1.15
tika,org.apache.tika.detect,God Component,The tool detected the smell in this component because the component contains high number of classes. Number of classes in the component are: 31,1.15
tika,org.apache.tika.sax,God Component,The tool detected the smell in this component because the component contains high number of classes. Number of classes in the component are: 45,1.15
tika,org.apache.tika.parser,God Component,The tool detected the smell in this component because the component contains high number of classes. Number of classes in the component are: 37,1.15
tika,org.apache.tika.parser.txt,God Component,The tool detected the smell in this component because the component contains high number of classes. Number of classes in the component are: 63,1.15
tika,org.apache.tika.parser.microsoft,God Component,The tool detected the smell in this component because the component contains high number of classes. Number of classes in the component are: 52,1.15
tika,org.apache.tika.parser.microsoft.ooxml,God Component,The tool detected the smell in this component because the component contains high number of classes. Number of classes in the component are: 31,1.15
tika,org.apache.tika.mime,God Component,The tool detected the smell in this component because the component contains high number of classes. Number of classes in the component are: 31,1.15
tika,org.apache.tika.metadata,God Component,The tool detected the smell in this component because the component contains high number of classes. Number of classes in the component are: 34,1.15
tika,org.apache.tika.batch,God Component,The tool detected the smell in this component because the component contains high number of classes. Number of classes in the component are: 31,1.15
tika,org.apache.tika.example,God Component,The tool detected the smell in this component because the component contains high number of classes. Number of classes in the component are: 49,1.12-rc1
tika,org.apache.tika.sax,God Component,The tool detected the smell in this component because the component contains high number of classes. Number of classes in the component are: 43,1.12-rc1
tika,org.apache.tika.parser,God Component,The tool detected the smell in this component because the component contains high number of classes. Number of classes in the component are: 32,1.12-rc1
tika,org.apache.tika.parser.txt,God Component,The tool detected the smell in this component because the component contains high number of classes. Number of classes in the component are: 74,1.12-rc1
tika,org.apache.tika.parser.microsoft,God Component,The tool detected the smell in this component because the component contains high number of classes. Number of classes in the component are: 40,1.12-rc1
tika,org.apache.tika.mime,God Component,The tool detected the smell in this component because the component contains high number of classes. Number of classes in the component are: 31,1.12-rc1
tika,org.apache.tika.batch,God Component,The tool detected the smell in this component because the component contains high number of classes. Number of classes in the component are: 31,1.12-rc1
tika,org.apache.tika.parser.txt,God Component,The tool detected the smell in this component because the component contains high number of classes. Number of classes in the component are: 74,1.6-rc2
tika,org.apache.tika.sax,God Component,The tool detected the smell in this component because the component contains high number of classes. Number of classes in the component are: 35,1.6-rc2
tika,org.apache.tika.server,God Component,The tool detected the smell in this component because the component contains high number of classes. Number of classes in the component are: 34,1.6-rc2
tika,org.apache.tika.example,God Component,The tool detected the smell in this component because the component contains high number of classes. Number of classes in the component are: 49,1.16
tika,org.apache.tika.detect,God Component,The tool detected the smell in this component because the component contains high number of classes. Number of classes in the component are: 31,1.16
tika,org.apache.tika.sax,God Component,The tool detected the smell in this component because the component contains high number of classes. Number of classes in the component are: 45,1.16
tika,org.apache.tika.parser,God Component,The tool detected the smell in this component because the component contains high number of classes. Number of classes in the component are: 39,1.16
tika,org.apache.tika.parser.txt,God Component,The tool detected the smell in this component because the component contains high number of classes. Number of classes in the component are: 63,1.16
tika,org.apache.tika.parser.microsoft,God Component,The tool detected the smell in this component because the component contains high number of classes. Number of classes in the component are: 52,1.16
tika,org.apache.tika.parser.microsoft.ooxml,God Component,The tool detected the smell in this component because the component contains high number of classes. Number of classes in the component are: 32,1.16
tika,org.apache.tika.mime,God Component,The tool detected the smell in this component because the component contains high number of classes. Number of classes in the component are: 31,1.16
tika,org.apache.tika.metadata,God Component,The tool detected the smell in this component because the component contains high number of classes. Number of classes in the component are: 35,1.16
tika,org.apache.tika.batch,God Component,The tool detected the smell in this component because the component contains high number of classes. Number of classes in the component are: 31,1.16
tika,org.apache.tika.example,God Component,The tool detected the smell in this component because the component contains high number of classes. Number of classes in the component are: 49,1.17
tika,org.apache.tika.sax,God Component,The tool detected the smell in this component because the component contains high number of classes. Number of classes in the component are: 52,1.17
tika,org.apache.tika.detect,God Component,The tool detected the smell in this component because the component contains high number of classes. Number of classes in the component are: 32,1.17
tika,org.apache.tika.parser,God Component,The tool detected the smell in this component because the component contains high number of classes. Number of classes in the component are: 39,1.17
tika,org.apache.tika.parser.txt,God Component,The tool detected the smell in this component because the component contains high number of classes. Number of classes in the component are: 63,1.17
tika,org.apache.tika.parser.microsoft,God Component,The tool detected the smell in this component because the component contains high number of classes. Number of classes in the component are: 52,1.17
tika,org.apache.tika.parser.microsoft.ooxml,God Component,The tool detected the smell in this component because the component contains high number of classes. Number of classes in the component are: 32,1.17
tika,org.apache.tika.mime,God Component,The tool detected the smell in this component because the component contains high number of classes. Number of classes in the component are: 32,1.17
tika,org.apache.tika.metadata,God Component,The tool detected the smell in this component because the component contains high number of classes. Number of classes in the component are: 35,1.17
tika,org.apache.tika.batch,God Component,The tool detected the smell in this component because the component contains high number of classes. Number of classes in the component are: 31,1.17
tika,org.apache.tika.example,God Component,The tool detected the smell in this component because the component contains high number of classes. Number of classes in the component are: 49,1.13
tika,org.apache.tika.sax,God Component,The tool detected the smell in this component because the component contains high number of classes. Number of classes in the component are: 45,1.13
tika,org.apache.tika.parser,God Component,The tool detected the smell in this component because the component contains high number of classes. Number of classes in the component are: 32,1.13
tika,org.apache.tika.parser.txt,God Component,The tool detected the smell in this component because the component contains high number of classes. Number of classes in the component are: 74,1.13
tika,org.apache.tika.parser.microsoft,God Component,The tool detected the smell in this component because the component contains high number of classes. Number of classes in the component are: 40,1.13
tika,org.apache.tika.mime,God Component,The tool detected the smell in this component because the component contains high number of classes. Number of classes in the component are: 31,1.13
tika,org.apache.tika.batch,God Component,The tool detected the smell in this component because the component contains high number of classes. Number of classes in the component are: 31,1.13
tika,org.apache.tika.example,God Component,The tool detected the smell in this component because the component contains high number of classes. Number of classes in the component are: 49,1.25-rc1
tika,org.apache.tika.sax,God Component,The tool detected the smell in this component because the component contains high number of classes. Number of classes in the component are: 54,1.25-rc1
tika,org.apache.tika.detect,God Component,The tool detected the smell in this component because the component contains high number of classes. Number of classes in the component are: 36,1.25-rc1
tika,org.apache.tika.parser,God Component,The tool detected the smell in this component because the component contains high number of classes. Number of classes in the component are: 47,1.25-rc1
tika,org.apache.tika.parser.txt,God Component,The tool detected the smell in this component because the component contains high number of classes. Number of classes in the component are: 63,1.25-rc1
tika,org.apache.tika.parser.microsoft,God Component,The tool detected the smell in this component because the component contains high number of classes. Number of classes in the component are: 53,1.25-rc1
tika,org.apache.tika.parser.microsoft.ooxml,God Component,The tool detected the smell in this component because the component contains high number of classes. Number of classes in the component are: 32,1.25-rc1
tika,org.apache.tika.parser.microsoft.onenote,God Component,The tool detected the smell in this component because the component contains high number of classes. Number of classes in the component are: 49,1.25-rc1
tika,org.apache.tika.mime,God Component,The tool detected the smell in this component because the component contains high number of classes. Number of classes in the component are: 34,1.25-rc1
tika,org.apache.tika.fork,God Component,The tool detected the smell in this component because the component contains high number of classes. Number of classes in the component are: 32,1.25-rc1
tika,org.apache.tika.metadata,God Component,The tool detected the smell in this component because the component contains high number of classes. Number of classes in the component are: 36,1.25-rc1
tika,org.apache.tika.server,God Component,The tool detected the smell in this component because the component contains high number of classes. Number of classes in the component are: 40,1.25-rc1
tika,org.apache.tika.batch,God Component,The tool detected the smell in this component because the component contains high number of classes. Number of classes in the component are: 32,1.25-rc1
tika,org.apache.tika.sax,God Component,The tool detected the smell in this component because the component contains high number of classes. Number of classes in the component are: 42,1.7-rc1
tika,org.apache.tika.parser.txt,God Component,The tool detected the smell in this component because the component contains high number of classes. Number of classes in the component are: 74,1.7-rc1
tika,org.apache.tika.parser.microsoft,God Component,The tool detected the smell in this component because the component contains high number of classes. Number of classes in the component are: 32,1.7-rc1
tika,org.apache.tika.server,God Component,The tool detected the smell in this component because the component contains high number of classes. Number of classes in the component are: 38,1.7-rc1
tika,org.apache.tika.example,God Component,The tool detected the smell in this component because the component contains high number of classes. Number of classes in the component are: 46,1.10
tika,org.apache.tika.sax,God Component,The tool detected the smell in this component because the component contains high number of classes. Number of classes in the component are: 43,1.10
tika,org.apache.tika.parser,God Component,The tool detected the smell in this component because the component contains high number of classes. Number of classes in the component are: 32,1.10
tika,org.apache.tika.parser.txt,God Component,The tool detected the smell in this component because the component contains high number of classes. Number of classes in the component are: 74,1.10
tika,org.apache.tika.parser.microsoft,God Component,The tool detected the smell in this component because the component contains high number of classes. Number of classes in the component are: 40,1.10
tika,org.apache.tika.mime,God Component,The tool detected the smell in this component because the component contains high number of classes. Number of classes in the component are: 31,1.10
tika,org.apache.tika.batch,God Component,The tool detected the smell in this component because the component contains high number of classes. Number of classes in the component are: 31,1.10
tika,org.apache.tika.parser.txt,God Component,The tool detected the smell in this component because the component contains high number of classes. Number of classes in the component are: 63,0.9
tika,org.apache.tika.sax,God Component,The tool detected the smell in this component because the component contains high number of classes. Number of classes in the component are: 42,1.7-rc3
tika,org.apache.tika.parser.txt,God Component,The tool detected the smell in this component because the component contains high number of classes. Number of classes in the component are: 74,1.7-rc3
tika,org.apache.tika.parser.microsoft,God Component,The tool detected the smell in this component because the component contains high number of classes. Number of classes in the component are: 32,1.7-rc3
tika,org.apache.tika.server,God Component,The tool detected the smell in this component because the component contains high number of classes. Number of classes in the component are: 38,1.7-rc3
tika,org.apache.tika.example,God Component,The tool detected the smell in this component because the component contains high number of classes. Number of classes in the component are: 49,1.25-rc2
tika,org.apache.tika.sax,God Component,The tool detected the smell in this component because the component contains high number of classes. Number of classes in the component are: 54,1.25-rc2
tika,org.apache.tika.detect,God Component,The tool detected the smell in this component because the component contains high number of classes. Number of classes in the component are: 36,1.25-rc2
tika,org.apache.tika.parser,God Component,The tool detected the smell in this component because the component contains high number of classes. Number of classes in the component are: 47,1.25-rc2
tika,org.apache.tika.parser.txt,God Component,The tool detected the smell in this component because the component contains high number of classes. Number of classes in the component are: 63,1.25-rc2
tika,org.apache.tika.parser.microsoft,God Component,The tool detected the smell in this component because the component contains high number of classes. Number of classes in the component are: 53,1.25-rc2
tika,org.apache.tika.parser.microsoft.ooxml,God Component,The tool detected the smell in this component because the component contains high number of classes. Number of classes in the component are: 32,1.25-rc2
tika,org.apache.tika.parser.microsoft.onenote,God Component,The tool detected the smell in this component because the component contains high number of classes. Number of classes in the component are: 49,1.25-rc2
tika,org.apache.tika.mime,God Component,The tool detected the smell in this component because the component contains high number of classes. Number of classes in the component are: 34,1.25-rc2
tika,org.apache.tika.fork,God Component,The tool detected the smell in this component because the component contains high number of classes. Number of classes in the component are: 32,1.25-rc2
tika,org.apache.tika.metadata,God Component,The tool detected the smell in this component because the component contains high number of classes. Number of classes in the component are: 36,1.25-rc2
tika,org.apache.tika.server,God Component,The tool detected the smell in this component because the component contains high number of classes. Number of classes in the component are: 40,1.25-rc2
tika,org.apache.tika.batch,God Component,The tool detected the smell in this component because the component contains high number of classes. Number of classes in the component are: 32,1.25-rc2
tika,org.apache.tika.example,God Component,The tool detected the smell in this component because the component contains high number of classes. Number of classes in the component are: 49,1.13-rc1
tika,org.apache.tika.sax,God Component,The tool detected the smell in this component because the component contains high number of classes. Number of classes in the component are: 45,1.13-rc1
tika,org.apache.tika.parser,God Component,The tool detected the smell in this component because the component contains high number of classes. Number of classes in the component are: 32,1.13-rc1
tika,org.apache.tika.parser.txt,God Component,The tool detected the smell in this component because the component contains high number of classes. Number of classes in the component are: 74,1.13-rc1
tika,org.apache.tika.parser.microsoft,God Component,The tool detected the smell in this component because the component contains high number of classes. Number of classes in the component are: 40,1.13-rc1
tika,org.apache.tika.mime,God Component,The tool detected the smell in this component because the component contains high number of classes. Number of classes in the component are: 31,1.13-rc1
tika,org.apache.tika.batch,God Component,The tool detected the smell in this component because the component contains high number of classes. Number of classes in the component are: 31,1.13-rc1
tika,org.apache.tika.sax,God Component,The tool detected the smell in this component because the component contains high number of classes. Number of classes in the component are: 42,1.7-rc2
tika,org.apache.tika.parser.txt,God Component,The tool detected the smell in this component because the component contains high number of classes. Number of classes in the component are: 74,1.7-rc2
tika,org.apache.tika.parser.microsoft,God Component,The tool detected the smell in this component because the component contains high number of classes. Number of classes in the component are: 32,1.7-rc2
tika,org.apache.tika.server,God Component,The tool detected the smell in this component because the component contains high number of classes. Number of classes in the component are: 38,1.7-rc2
tika,org.apache.tika.parser.txt,God Component,The tool detected the smell in this component because the component contains high number of classes. Number of classes in the component are: 62,0.8
tika,org.apache.tika.parser.txt,God Component,The tool detected the smell in this component because the component contains high number of classes. Number of classes in the component are: 62,0.5
tika,org.apache.tika.example,God Component,The tool detected the smell in this component because the component contains high number of classes. Number of classes in the component are: 47,1.20
tika,org.apache.tika.sax,God Component,The tool detected the smell in this component because the component contains high number of classes. Number of classes in the component are: 54,1.20
tika,org.apache.tika.detect,God Component,The tool detected the smell in this component because the component contains high number of classes. Number of classes in the component are: 32,1.20
tika,org.apache.tika.parser,God Component,The tool detected the smell in this component because the component contains high number of classes. Number of classes in the component are: 43,1.20
tika,org.apache.tika.parser.txt,God Component,The tool detected the smell in this component because the component contains high number of classes. Number of classes in the component are: 63,1.20
tika,org.apache.tika.parser.microsoft,God Component,The tool detected the smell in this component because the component contains high number of classes. Number of classes in the component are: 65,1.20
tika,org.apache.tika.parser.microsoft.ooxml,God Component,The tool detected the smell in this component because the component contains high number of classes. Number of classes in the component are: 32,1.20
tika,org.apache.tika.mime,God Component,The tool detected the smell in this component because the component contains high number of classes. Number of classes in the component are: 32,1.20
tika,org.apache.tika.fork,God Component,The tool detected the smell in this component because the component contains high number of classes. Number of classes in the component are: 32,1.20
tika,org.apache.tika.metadata,God Component,The tool detected the smell in this component because the component contains high number of classes. Number of classes in the component are: 35,1.20
tika,org.apache.tika.server,God Component,The tool detected the smell in this component because the component contains high number of classes. Number of classes in the component are: 38,1.20
tika,org.apache.tika.batch,God Component,The tool detected the smell in this component because the component contains high number of classes. Number of classes in the component are: 32,1.20
tika,org.apache.tika.example,God Component,The tool detected the smell in this component because the component contains high number of classes. Number of classes in the component are: 47,1.21
tika,org.apache.tika.sax,God Component,The tool detected the smell in this component because the component contains high number of classes. Number of classes in the component are: 54,1.21
tika,org.apache.tika.detect,God Component,The tool detected the smell in this component because the component contains high number of classes. Number of classes in the component are: 32,1.21
tika,org.apache.tika.parser,God Component,The tool detected the smell in this component because the component contains high number of classes. Number of classes in the component are: 43,1.21
tika,org.apache.tika.parser.txt,God Component,The tool detected the smell in this component because the component contains high number of classes. Number of classes in the component are: 63,1.21
tika,org.apache.tika.parser.microsoft,God Component,The tool detected the smell in this component because the component contains high number of classes. Number of classes in the component are: 53,1.21
tika,org.apache.tika.parser.microsoft.ooxml,God Component,The tool detected the smell in this component because the component contains high number of classes. Number of classes in the component are: 32,1.21
tika,org.apache.tika.mime,God Component,The tool detected the smell in this component because the component contains high number of classes. Number of classes in the component are: 32,1.21
tika,org.apache.tika.fork,God Component,The tool detected the smell in this component because the component contains high number of classes. Number of classes in the component are: 32,1.21
tika,org.apache.tika.metadata,God Component,The tool detected the smell in this component because the component contains high number of classes. Number of classes in the component are: 35,1.21
tika,org.apache.tika.server,God Component,The tool detected the smell in this component because the component contains high number of classes. Number of classes in the component are: 38,1.21
tika,org.apache.tika.batch,God Component,The tool detected the smell in this component because the component contains high number of classes. Number of classes in the component are: 32,1.21
tika,org.apache.tika.parser.txt,God Component,The tool detected the smell in this component because the component contains high number of classes. Number of classes in the component are: 62,0.4
tika,org.apache.tika.parser.txt,God Component,The tool detected the smell in this component because the component contains high number of classes. Number of classes in the component are: 62,0.6
tika,org.apache.tika.example,God Component,The tool detected the smell in this component because the component contains high number of classes. Number of classes in the component are: 49,1.23
tika,org.apache.tika.sax,God Component,The tool detected the smell in this component because the component contains high number of classes. Number of classes in the component are: 54,1.23
tika,org.apache.tika.detect,God Component,The tool detected the smell in this component because the component contains high number of classes. Number of classes in the component are: 32,1.23
tika,org.apache.tika.parser,God Component,The tool detected the smell in this component because the component contains high number of classes. Number of classes in the component are: 47,1.23
tika,org.apache.tika.parser.txt,God Component,The tool detected the smell in this component because the component contains high number of classes. Number of classes in the component are: 63,1.23
tika,org.apache.tika.parser.microsoft,God Component,The tool detected the smell in this component because the component contains high number of classes. Number of classes in the component are: 53,1.23
tika,org.apache.tika.parser.microsoft.ooxml,God Component,The tool detected the smell in this component because the component contains high number of classes. Number of classes in the component are: 32,1.23
tika,org.apache.tika.mime,God Component,The tool detected the smell in this component because the component contains high number of classes. Number of classes in the component are: 32,1.23
tika,org.apache.tika.fork,God Component,The tool detected the smell in this component because the component contains high number of classes. Number of classes in the component are: 32,1.23
tika,org.apache.tika.metadata,God Component,The tool detected the smell in this component because the component contains high number of classes. Number of classes in the component are: 36,1.23
tika,org.apache.tika.server,God Component,The tool detected the smell in this component because the component contains high number of classes. Number of classes in the component are: 38,1.23
tika,org.apache.tika.batch,God Component,The tool detected the smell in this component because the component contains high number of classes. Number of classes in the component are: 32,1.23
tika,org.apache.tika.example,God Component,The tool detected the smell in this component because the component contains high number of classes. Number of classes in the component are: 47,1.22
tika,org.apache.tika.sax,God Component,The tool detected the smell in this component because the component contains high number of classes. Number of classes in the component are: 54,1.22
tika,org.apache.tika.detect,God Component,The tool detected the smell in this component because the component contains high number of classes. Number of classes in the component are: 32,1.22
tika,org.apache.tika.parser,God Component,The tool detected the smell in this component because the component contains high number of classes. Number of classes in the component are: 46,1.22
tika,org.apache.tika.parser.txt,God Component,The tool detected the smell in this component because the component contains high number of classes. Number of classes in the component are: 63,1.22
tika,org.apache.tika.parser.microsoft,God Component,The tool detected the smell in this component because the component contains high number of classes. Number of classes in the component are: 53,1.22
tika,org.apache.tika.parser.microsoft.ooxml,God Component,The tool detected the smell in this component because the component contains high number of classes. Number of classes in the component are: 32,1.22
tika,org.apache.tika.mime,God Component,The tool detected the smell in this component because the component contains high number of classes. Number of classes in the component are: 32,1.22
tika,org.apache.tika.fork,God Component,The tool detected the smell in this component because the component contains high number of classes. Number of classes in the component are: 32,1.22
tika,org.apache.tika.metadata,God Component,The tool detected the smell in this component because the component contains high number of classes. Number of classes in the component are: 35,1.22
tika,org.apache.tika.server,God Component,The tool detected the smell in this component because the component contains high number of classes. Number of classes in the component are: 38,1.22
tika,org.apache.tika.batch,God Component,The tool detected the smell in this component because the component contains high number of classes. Number of classes in the component are: 32,1.22
tika,org.apache.tika.parser.txt,God Component,The tool detected the smell in this component because the component contains high number of classes. Number of classes in the component are: 62,0.7
tika,org.apache.tika.parser.txt,God Component,The tool detected the smell in this component because the component contains high number of classes. Number of classes in the component are: 74,tika-1.3
tika,org.apache.tika.sax,God Component,The tool detected the smell in this component because the component contains high number of classes. Number of classes in the component are: 35,tika-1.3
tika,org.apache.tika.example,God Component,The tool detected the smell in this component because the component contains high number of classes. Number of classes in the component are: 49,1.25
tika,org.apache.tika.sax,God Component,The tool detected the smell in this component because the component contains high number of classes. Number of classes in the component are: 54,1.25
tika,org.apache.tika.detect,God Component,The tool detected the smell in this component because the component contains high number of classes. Number of classes in the component are: 36,1.25
tika,org.apache.tika.parser,God Component,The tool detected the smell in this component because the component contains high number of classes. Number of classes in the component are: 47,1.25
tika,org.apache.tika.parser.txt,God Component,The tool detected the smell in this component because the component contains high number of classes. Number of classes in the component are: 63,1.25
tika,org.apache.tika.parser.microsoft,God Component,The tool detected the smell in this component because the component contains high number of classes. Number of classes in the component are: 53,1.25
tika,org.apache.tika.parser.microsoft.ooxml,God Component,The tool detected the smell in this component because the component contains high number of classes. Number of classes in the component are: 32,1.25
tika,org.apache.tika.parser.microsoft.onenote,God Component,The tool detected the smell in this component because the component contains high number of classes. Number of classes in the component are: 49,1.25
tika,org.apache.tika.mime,God Component,The tool detected the smell in this component because the component contains high number of classes. Number of classes in the component are: 34,1.25
tika,org.apache.tika.fork,God Component,The tool detected the smell in this component because the component contains high number of classes. Number of classes in the component are: 32,1.25
tika,org.apache.tika.metadata,God Component,The tool detected the smell in this component because the component contains high number of classes. Number of classes in the component are: 36,1.25
tika,org.apache.tika.server,God Component,The tool detected the smell in this component because the component contains high number of classes. Number of classes in the component are: 40,1.25
tika,org.apache.tika.batch,God Component,The tool detected the smell in this component because the component contains high number of classes. Number of classes in the component are: 32,1.25
tika,org.apache.tika.example,God Component,The tool detected the smell in this component because the component contains high number of classes. Number of classes in the component are: 47,1.19
tika,org.apache.tika.sax,God Component,The tool detected the smell in this component because the component contains high number of classes. Number of classes in the component are: 54,1.19
tika,org.apache.tika.detect,God Component,The tool detected the smell in this component because the component contains high number of classes. Number of classes in the component are: 32,1.19
tika,org.apache.tika.parser,God Component,The tool detected the smell in this component because the component contains high number of classes. Number of classes in the component are: 43,1.19
tika,org.apache.tika.parser.txt,God Component,The tool detected the smell in this component because the component contains high number of classes. Number of classes in the component are: 63,1.19
tika,org.apache.tika.parser.microsoft,God Component,The tool detected the smell in this component because the component contains high number of classes. Number of classes in the component are: 65,1.19
tika,org.apache.tika.parser.microsoft.ooxml,God Component,The tool detected the smell in this component because the component contains high number of classes. Number of classes in the component are: 32,1.19
tika,org.apache.tika.mime,God Component,The tool detected the smell in this component because the component contains high number of classes. Number of classes in the component are: 32,1.19
tika,org.apache.tika.fork,God Component,The tool detected the smell in this component because the component contains high number of classes. Number of classes in the component are: 32,1.19
tika,org.apache.tika.metadata,God Component,The tool detected the smell in this component because the component contains high number of classes. Number of classes in the component are: 35,1.19
tika,org.apache.tika.server,God Component,The tool detected the smell in this component because the component contains high number of classes. Number of classes in the component are: 34,1.19
tika,org.apache.tika.batch,God Component,The tool detected the smell in this component because the component contains high number of classes. Number of classes in the component are: 31,1.19
tika,org.apache.tika.example,God Component,The tool detected the smell in this component because the component contains high number of classes. Number of classes in the component are: 49,1.18
tika,org.apache.tika.sax,God Component,The tool detected the smell in this component because the component contains high number of classes. Number of classes in the component are: 52,1.18
tika,org.apache.tika.detect,God Component,The tool detected the smell in this component because the component contains high number of classes. Number of classes in the component are: 32,1.18
tika,org.apache.tika.parser,God Component,The tool detected the smell in this component because the component contains high number of classes. Number of classes in the component are: 39,1.18
tika,org.apache.tika.parser.txt,God Component,The tool detected the smell in this component because the component contains high number of classes. Number of classes in the component are: 63,1.18
tika,org.apache.tika.parser.microsoft,God Component,The tool detected the smell in this component because the component contains high number of classes. Number of classes in the component are: 52,1.18
tika,org.apache.tika.parser.microsoft.ooxml,God Component,The tool detected the smell in this component because the component contains high number of classes. Number of classes in the component are: 32,1.18
tika,org.apache.tika.mime,God Component,The tool detected the smell in this component because the component contains high number of classes. Number of classes in the component are: 32,1.18
tika,org.apache.tika.metadata,God Component,The tool detected the smell in this component because the component contains high number of classes. Number of classes in the component are: 35,1.18
tika,org.apache.tika.batch,God Component,The tool detected the smell in this component because the component contains high number of classes. Number of classes in the component are: 31,1.18
tika,org.apache.tika.example,God Component,The tool detected the smell in this component because the component contains high number of classes. Number of classes in the component are: 49,1.24
tika,org.apache.tika.sax,God Component,The tool detected the smell in this component because the component contains high number of classes. Number of classes in the component are: 54,1.24
tika,org.apache.tika.detect,God Component,The tool detected the smell in this component because the component contains high number of classes. Number of classes in the component are: 32,1.24
tika,org.apache.tika.parser,God Component,The tool detected the smell in this component because the component contains high number of classes. Number of classes in the component are: 47,1.24
tika,org.apache.tika.parser.txt,God Component,The tool detected the smell in this component because the component contains high number of classes. Number of classes in the component are: 63,1.24
tika,org.apache.tika.parser.microsoft,God Component,The tool detected the smell in this component because the component contains high number of classes. Number of classes in the component are: 53,1.24
tika,org.apache.tika.parser.microsoft.ooxml,God Component,The tool detected the smell in this component because the component contains high number of classes. Number of classes in the component are: 32,1.24
tika,org.apache.tika.parser.microsoft.onenote,God Component,The tool detected the smell in this component because the component contains high number of classes. Number of classes in the component are: 49,1.24
tika,org.apache.tika.mime,God Component,The tool detected the smell in this component because the component contains high number of classes. Number of classes in the component are: 32,1.24
tika,org.apache.tika.fork,God Component,The tool detected the smell in this component because the component contains high number of classes. Number of classes in the component are: 32,1.24
tika,org.apache.tika.metadata,God Component,The tool detected the smell in this component because the component contains high number of classes. Number of classes in the component are: 36,1.24
tika,org.apache.tika.server,God Component,The tool detected the smell in this component because the component contains high number of classes. Number of classes in the component are: 38,1.24
tika,org.apache.tika.batch,God Component,The tool detected the smell in this component because the component contains high number of classes. Number of classes in the component are: 32,1.24
tika,org.apache.tika.sax,God Component,The tool detected the smell in this component because the component contains high number of classes. Number of classes in the component are: 42,1.8-rc2
tika,org.apache.tika.parser.txt,God Component,The tool detected the smell in this component because the component contains high number of classes. Number of classes in the component are: 74,1.8-rc2
tika,org.apache.tika.parser.microsoft,God Component,The tool detected the smell in this component because the component contains high number of classes. Number of classes in the component are: 32,1.8-rc2
tika,org.apache.tika.parser.txt,God Component,The tool detected the smell in this component because the component contains high number of classes. Number of classes in the component are: 74,1.6
tika,org.apache.tika.sax,God Component,The tool detected the smell in this component because the component contains high number of classes. Number of classes in the component are: 35,1.6
tika,org.apache.tika.server,God Component,The tool detected the smell in this component because the component contains high number of classes. Number of classes in the component are: 33,1.6
tika,org.apache.tika.sax,God Component,The tool detected the smell in this component because the component contains high number of classes. Number of classes in the component are: 42,1.7
tika,org.apache.tika.parser.txt,God Component,The tool detected the smell in this component because the component contains high number of classes. Number of classes in the component are: 74,1.7
tika,org.apache.tika.parser.microsoft,God Component,The tool detected the smell in this component because the component contains high number of classes. Number of classes in the component are: 32,1.7
tika,org.apache.tika.server,God Component,The tool detected the smell in this component because the component contains high number of classes. Number of classes in the component are: 38,1.7
tika,org.apache.tika.example,God Component,The tool detected the smell in this component because the component contains high number of classes. Number of classes in the component are: 49,1.23-rc1
tika,org.apache.tika.sax,God Component,The tool detected the smell in this component because the component contains high number of classes. Number of classes in the component are: 54,1.23-rc1
tika,org.apache.tika.detect,God Component,The tool detected the smell in this component because the component contains high number of classes. Number of classes in the component are: 32,1.23-rc1
tika,org.apache.tika.parser,God Component,The tool detected the smell in this component because the component contains high number of classes. Number of classes in the component are: 47,1.23-rc1
tika,org.apache.tika.parser.txt,God Component,The tool detected the smell in this component because the component contains high number of classes. Number of classes in the component are: 63,1.23-rc1
tika,org.apache.tika.parser.microsoft,God Component,The tool detected the smell in this component because the component contains high number of classes. Number of classes in the component are: 53,1.23-rc1
tika,org.apache.tika.parser.microsoft.ooxml,God Component,The tool detected the smell in this component because the component contains high number of classes. Number of classes in the component are: 32,1.23-rc1
tika,org.apache.tika.mime,God Component,The tool detected the smell in this component because the component contains high number of classes. Number of classes in the component are: 32,1.23-rc1
tika,org.apache.tika.fork,God Component,The tool detected the smell in this component because the component contains high number of classes. Number of classes in the component are: 32,1.23-rc1
tika,org.apache.tika.metadata,God Component,The tool detected the smell in this component because the component contains high number of classes. Number of classes in the component are: 36,1.23-rc1
tika,org.apache.tika.server,God Component,The tool detected the smell in this component because the component contains high number of classes. Number of classes in the component are: 38,1.23-rc1
tika,org.apache.tika.batch,God Component,The tool detected the smell in this component because the component contains high number of classes. Number of classes in the component are: 32,1.23-rc1
tika,org.apache.tika.example,God Component,The tool detected the smell in this component because the component contains high number of classes. Number of classes in the component are: 47,1.19.1-rc1
tika,org.apache.tika.sax,God Component,The tool detected the smell in this component because the component contains high number of classes. Number of classes in the component are: 54,1.19.1-rc1
tika,org.apache.tika.detect,God Component,The tool detected the smell in this component because the component contains high number of classes. Number of classes in the component are: 32,1.19.1-rc1
tika,org.apache.tika.parser,God Component,The tool detected the smell in this component because the component contains high number of classes. Number of classes in the component are: 43,1.19.1-rc1
tika,org.apache.tika.parser.txt,God Component,The tool detected the smell in this component because the component contains high number of classes. Number of classes in the component are: 63,1.19.1-rc1
tika,org.apache.tika.parser.microsoft,God Component,The tool detected the smell in this component because the component contains high number of classes. Number of classes in the component are: 65,1.19.1-rc1
tika,org.apache.tika.parser.microsoft.ooxml,God Component,The tool detected the smell in this component because the component contains high number of classes. Number of classes in the component are: 32,1.19.1-rc1
tika,org.apache.tika.mime,God Component,The tool detected the smell in this component because the component contains high number of classes. Number of classes in the component are: 32,1.19.1-rc1
tika,org.apache.tika.fork,God Component,The tool detected the smell in this component because the component contains high number of classes. Number of classes in the component are: 32,1.19.1-rc1
tika,org.apache.tika.metadata,God Component,The tool detected the smell in this component because the component contains high number of classes. Number of classes in the component are: 35,1.19.1-rc1
tika,org.apache.tika.server,God Component,The tool detected the smell in this component because the component contains high number of classes. Number of classes in the component are: 35,1.19.1-rc1
tika,org.apache.tika.batch,God Component,The tool detected the smell in this component because the component contains high number of classes. Number of classes in the component are: 31,1.19.1-rc1
tika,org.apache.tika.sax,God Component,The tool detected the smell in this component because the component contains high number of classes. Number of classes in the component are: 42,1.8-rc1
tika,org.apache.tika.parser.txt,God Component,The tool detected the smell in this component because the component contains high number of classes. Number of classes in the component are: 74,1.8-rc1
tika,org.apache.tika.parser.microsoft,God Component,The tool detected the smell in this component because the component contains high number of classes. Number of classes in the component are: 32,1.8-rc1
tika,org.apache.tika.example,God Component,The tool detected the smell in this component because the component contains high number of classes. Number of classes in the component are: 49,1.15-rc1
tika,org.apache.tika.detect,God Component,The tool detected the smell in this component because the component contains high number of classes. Number of classes in the component are: 31,1.15-rc1
tika,org.apache.tika.sax,God Component,The tool detected the smell in this component because the component contains high number of classes. Number of classes in the component are: 45,1.15-rc1
tika,org.apache.tika.parser,God Component,The tool detected the smell in this component because the component contains high number of classes. Number of classes in the component are: 37,1.15-rc1
tika,org.apache.tika.parser.txt,God Component,The tool detected the smell in this component because the component contains high number of classes. Number of classes in the component are: 63,1.15-rc1
tika,org.apache.tika.parser.microsoft,God Component,The tool detected the smell in this component because the component contains high number of classes. Number of classes in the component are: 52,1.15-rc1
tika,org.apache.tika.parser.microsoft.ooxml,God Component,The tool detected the smell in this component because the component contains high number of classes. Number of classes in the component are: 31,1.15-rc1
tika,org.apache.tika.mime,God Component,The tool detected the smell in this component because the component contains high number of classes. Number of classes in the component are: 31,1.15-rc1
tika,org.apache.tika.metadata,God Component,The tool detected the smell in this component because the component contains high number of classes. Number of classes in the component are: 34,1.15-rc1
tika,org.apache.tika.batch,God Component,The tool detected the smell in this component because the component contains high number of classes. Number of classes in the component are: 31,1.15-rc1
tika,org.apache.tika.parser.txt,God Component,The tool detected the smell in this component because the component contains high number of classes. Number of classes in the component are: 74,1.5
tika,org.apache.tika.sax,God Component,The tool detected the smell in this component because the component contains high number of classes. Number of classes in the component are: 35,1.5
tika,org.apache.tika.parser.txt,God Component,The tool detected the smell in this component because the component contains high number of classes. Number of classes in the component are: 74,1.4
tika,org.apache.tika.sax,God Component,The tool detected the smell in this component because the component contains high number of classes. Number of classes in the component are: 35,1.4
tika,org.apache.tika.example,God Component,The tool detected the smell in this component because the component contains high number of classes. Number of classes in the component are: 43,1.9-rc1
tika,org.apache.tika.sax,God Component,The tool detected the smell in this component because the component contains high number of classes. Number of classes in the component are: 43,1.9-rc1
tika,org.apache.tika.parser.txt,God Component,The tool detected the smell in this component because the component contains high number of classes. Number of classes in the component are: 74,1.9-rc1
tika,org.apache.tika.parser.microsoft,God Component,The tool detected the smell in this component because the component contains high number of classes. Number of classes in the component are: 36,1.9-rc1
tika,org.apache.tika.mime,God Component,The tool detected the smell in this component because the component contains high number of classes. Number of classes in the component are: 31,1.9-rc1
tika,org.apache.tika.parser.txt,God Component,The tool detected the smell in this component because the component contains high number of classes. Number of classes in the component are: 70,1.0
tika,org.apache.tika.sax,God Component,The tool detected the smell in this component because the component contains high number of classes. Number of classes in the component are: 33,1.0
tika,org.apache.tika.example,God Component,The tool detected the smell in this component because the component contains high number of classes. Number of classes in the component are: 49,1.14-rc1
tika,org.apache.tika.sax,God Component,The tool detected the smell in this component because the component contains high number of classes. Number of classes in the component are: 45,1.14-rc1
tika,org.apache.tika.parser,God Component,The tool detected the smell in this component because the component contains high number of classes. Number of classes in the component are: 36,1.14-rc1
tika,org.apache.tika.parser.txt,God Component,The tool detected the smell in this component because the component contains high number of classes. Number of classes in the component are: 63,1.14-rc1
tika,org.apache.tika.parser.microsoft,God Component,The tool detected the smell in this component because the component contains high number of classes. Number of classes in the component are: 45,1.14-rc1
tika,org.apache.tika.mime,God Component,The tool detected the smell in this component because the component contains high number of classes. Number of classes in the component are: 31,1.14-rc1
tika,org.apache.tika.metadata,God Component,The tool detected the smell in this component because the component contains high number of classes. Number of classes in the component are: 31,1.14-rc1
tika,org.apache.tika.batch,God Component,The tool detected the smell in this component because the component contains high number of classes. Number of classes in the component are: 31,1.14-rc1
tika,org.apache.tika.parser.txt,God Component,The tool detected the smell in this component because the component contains high number of classes. Number of classes in the component are: 71,1.1
tika,org.apache.tika.parser.microsoft,God Component,The tool detected the smell in this component because the component contains high number of classes. Number of classes in the component are: 31,1.1
tika,org.apache.tika.sax,God Component,The tool detected the smell in this component because the component contains high number of classes. Number of classes in the component are: 33,1.1
tika,org.apache.tika.parser.txt,God Component,The tool detected the smell in this component because the component contains high number of classes. Number of classes in the component are: 70,0.10
tika,org.apache.tika.sax,God Component,The tool detected the smell in this component because the component contains high number of classes. Number of classes in the component are: 32,0.10
tika,org.apache.tika.example,God Component,The tool detected the smell in this component because the component contains high number of classes. Number of classes in the component are: 43,1.9-rc2
tika,org.apache.tika.sax,God Component,The tool detected the smell in this component because the component contains high number of classes. Number of classes in the component are: 43,1.9-rc2
tika,org.apache.tika.parser.txt,God Component,The tool detected the smell in this component because the component contains high number of classes. Number of classes in the component are: 74,1.9-rc2
tika,org.apache.tika.parser.microsoft,God Component,The tool detected the smell in this component because the component contains high number of classes. Number of classes in the component are: 36,1.9-rc2
tika,org.apache.tika.mime,God Component,The tool detected the smell in this component because the component contains high number of classes. Number of classes in the component are: 31,1.9-rc2
tika,org.apache.tika.parser.txt,God Component,The tool detected the smell in this component because the component contains high number of classes. Number of classes in the component are: 74,1.3
tika,org.apache.tika.sax,God Component,The tool detected the smell in this component because the component contains high number of classes. Number of classes in the component are: 35,1.3
tika,org.apache.tika.parser.txt,God Component,The tool detected the smell in this component because the component contains high number of classes. Number of classes in the component are: 74,1.2
tika,org.apache.tika.parser.microsoft,God Component,The tool detected the smell in this component because the component contains high number of classes. Number of classes in the component are: 31,1.2
tika,org.apache.tika.sax,God Component,The tool detected the smell in this component because the component contains high number of classes. Number of classes in the component are: 33,1.2
