additions,deletions,godcomp,id,author,datetime,message,jira,change,LOC
140.0,176.0,org.apache.tika.batch,0d8f030f02830a39e004fbfbd6989128ec2047d7,Konstantin Gribov,2017-03-24 02:38:21+03:00,Merge branch 'logging-refactored',,-36.0,7541.0
131.0,156.0,org.apache.tika.batch,e8ee4ce7fbdc4fd8d0a496731f2b0a481687b72f,Konstantin Gribov,2017-03-21 19:51:27+03:00,TIKA-2245 Logging unification,TIKA-2245,-25.0,7588.0
161.0,185.0,org.apache.tika.batch,e56e2b2915e8cebcf97c69cdcb3ecff861434f61,Madhav Sharan,2017-05-03 20:11:55-07:00,Merge remote-tracking branch 'apache/master',,-24.0,7517.0
2.0,20.0,org.apache.tika.batch,24b8c2a918ac599b5aff1265f2e08014de1a2fe0,Tim Allison,2015-08-28 12:59:24+00:00,TIKA-1716 change default /rmeta content handler to xml and allow users to specify which content handler to use for content,TIKA-1716,-18.0,7064.0
9.0,20.0,org.apache.tika.batch,6ff825c684236a6e1c8a4f77cbcd2d7fb953870e,Konstantin Gribov,2017-03-21 20:32:55+03:00,Cosmetics: extra spaces and diamond operator,,-11.0,7577.0
6638.0,0.0,org.apache.tika.batch,fe4cd58cced0e15f1848afbc2518ab4a66e6867f,Tim Allison,2015-03-23 16:09:10+00:00,initial commit of TIKA-1330,TIKA-1330,6638.0,6638.0
709.0,350.0,org.apache.tika.batch,71d72df9514ec970f6231f77cd978bf7d15720ea,Tim Allison,2015-09-30 15:59:57+00:00,TIKA-1747: migrate to Path from File in tika-batch,TIKA-1747,359.0,7423.0
208.0,19.0,org.apache.tika.batch,90a2202b5b4a75e7f673bfb42a912cb97ae6d26e,Tim Allison,2015-06-28 01:57:30+00:00,TIKA-1663 add a DigestingParser,TIKA-1663,189.0,7040.0
247.0,71.0,org.apache.tika.batch,e7b481dd763ff4f586a94b981281923e4604010a,Chris Mattmann,2018-07-08 19:35:49-07:00,Merge branch 'master' of github.com:/apache/tika,,176.0,7958.0
198.0,42.0,org.apache.tika.batch,c844fc3928516f710a1e62ab99c4eb3f8ab27410,tballison,2018-06-07 15:58:26-04:00,TIKA-2662 add a streaming writer for the RecursiveParserWrapper and integrate throughout,TIKA-2662,156.0,7782.0
0.0,1238.0,org.apache.tika.detect,8dbb5736fa92b323e270e2075b42dce458a3abd6,tallison,2020-12-02 09:41:07-05:00,TIKA-3241 -- clarify parser module structure,TIKA-3241,-1238.0,6878.0
390.0,471.0,org.apache.tika.detect,12622b402e2343b35b7ee3d09bc506660583f985,Jukka Zitting,2010-12-05 22:19:00+00:00,TIKA-447: Container aware mimetype detection,TIKA-447,-81.0,1714.0
1.0,67.0,org.apache.tika.detect,25f7a4d5dac3b7d4bebaed41ef43bf37d1e86814,Jukka Zitting,2011-10-27 16:13:26+00:00,TIKA-703: Drop deprecated methods/classes/interfaces,TIKA-703,-66.0,1764.0
11.0,48.0,org.apache.tika.detect,87fd9affb574d62ed26d669adaa3d7cf37e124fb,Nick Burch,2011-05-06 03:43:34+00:00,"TIKA-655 - Push the iWorks detection logic from ZipContainerDetector to IWorkPackageParser, and make that detect similar to OfficeParser does. Then, put the content handler selection logic into IWorkPackageParser, and remove IWorkParser (which claimed to be a regular parser but in fact only worked when called from IWorkPackageParser) The result is that tika app can then parse iWork files, and unit tests still work",TIKA-655,-37.0,1743.0
6.0,37.0,org.apache.tika.detect,c3d82a84eb5a5105672b3b237c139c1921020944,Nick Burch,2015-05-02 15:41:43+00:00,TIKA-1517 Pull the ordering logic for loaded classed (non-Tika first etc) out into a util class,TIKA-1517,-31.0,3628.0
3290.0,574.0,org.apache.tika.detect,f9104d17ad0b92b243501fdf0863b4ccdaa5e791,Tim Allison,2020-08-21 11:32:26-04:00,Branch 2x (#341),,2716.0,7788.0
1238.0,0.0,org.apache.tika.detect,a43784b19f6b0955478dded71521b0491d21c90b,tallison,2020-12-02 11:58:44-05:00,"TIKA-3241 -- fix git add problems, replace some test documents that were  modified in the move, update poms",TIKA-3241,1238.0,8116.0
709.0,0.0,org.apache.tika.detect,39352e988f3a1bf5d294a839330f8dd2400d873d,Chris Mattmann,2015-05-02 06:20:42+00:00,Fix for TIKA-1582 Mime Detection based on neural networks with Byte-frequency-histogram contributed by  LukeLiush <hanson311biz@gmail.com>. This closes #36,TIKA-1582,709.0,3656.0
390.0,11.0,org.apache.tika.detect,e56e2b2915e8cebcf97c69cdcb3ecff861434f61,Madhav Sharan,2017-05-03 20:11:55-07:00,Merge remote-tracking branch 'apache/master',,379.0,4775.0
313.0,0.0,org.apache.tika.detect,816eb2675a0c9bbdcfcb0bba139cbad0a7a5d35b,Jukka Zitting,2009-01-25 20:13:36+00:00,TIKA-95: Pluggable magic header detectors,TIKA-95,313.0,727.0
10.0,229.0,org.apache.tika.example,3aa1dca4eef13de99b83989010fe02bfd391b378,tballison,2016-03-02 09:18:46-05:00,"TIKA-1657 move xmlification of TikaConfig to tika-core.  Thank you, Nick!",TIKA-1657,-219.0,4065.0
27.0,239.0,org.apache.tika.example,40028f3c4934b86ddf48a536da2e8191d20a4695,TALLISON,2018-08-09 14:40:57-04:00,TIKA-2695 -- upgrade Lucene to something more modern,TIKA-2695,-212.0,4155.0
29.0,100.0,org.apache.tika.example,8938fdfa93f8c0647e547e8a04a187fbb5a32603,Jukka Zitting,2015-08-31 04:21:04+00:00,TIKA-1719: Utilize try-with-resources where it is trivial,TIKA-1719,-71.0,4078.0
1470.0,1481.0,org.apache.tika.example,03af7fb6a1d1477464024497748ec48cf0872382,Konstantin Gribov,2015-09-21 17:19:26+00:00,Fix license headers and reformat in tika-example,,-11.0,4067.0
0.0,10.0,org.apache.tika.example,0d6f140a18f049689bd6a5d69398c33e3af82291,Konstantin Gribov,2018-09-18 17:32:00+03:00,Removed #getDetector from ImportContextImpl,,-10.0,4145.0
2369.0,0.0,org.apache.tika.example,f54cb9e354b71e720602acfa0b4da8f100b400c2,Chris Mattmann,2015-05-04 21:52:53+00:00,TIKA-1562: Add examples from the Tika in Action book,TIKA-1562,2369.0,3919.0
341.0,12.0,org.apache.tika.example,5976d3198e886ccc125cd1f73d33600d9eeb4829,Tyler Palsulich,2014-09-25 02:14:45+00:00,"TIKA-1420, refactor the phone number extraction to use a custom method of de-obfuscating numbers.",TIKA-1420,329.0,1277.0
295.0,0.0,org.apache.tika.example,85b96e00105772d34e76897ed5c5437945429ea3,Tim Allison,2014-09-19 14:02:16+00:00,TIKA-1418 add files,TIKA-1418,295.0,819.0
214.0,1.0,org.apache.tika.example,f9104d17ad0b92b243501fdf0863b4ccdaa5e791,Tim Allison,2020-08-21 11:32:26-04:00,Branch 2x (#341),,213.0,4451.0
194.0,0.0,org.apache.tika.example,165eebcb5bcc2f6b5768bcdec5ce6496c3ca5093,Tim Allison,2015-07-07 14:21:50+00:00,TIKA-1674: initial commit to add example of how to extract embedded files,TIKA-1674,194.0,4113.0
134.0,165.0,org.apache.tika.fork,1812a8612fff219adc7c2d0daada8aa652104024,Jukka Zitting,2011-01-17 18:50:37+00:00,TIKA-416: Out-of-process text extraction,TIKA-416,-31.0,730.0
6.0,30.0,org.apache.tika.fork,69555a98e56f4fef62abb91bee48bad27c58a6ce,Diffblue assistant,2018-08-23 12:23:21+01:00,Use try-with-resources,,-24.0,5115.0
6.0,30.0,org.apache.tika.fork,c723878ff15fc3b75f1a57fd1a91cf1d9f2577d3,Lewis John McGibbney,2018-11-02 08:00:18-07:00,Merge pull request #247 from diffblue-assistant/finallyclosetotrywithresources,,-24.0,5124.0
21.0,42.0,org.apache.tika.fork,231a7e28d6f73db89747b2dcc597efe1add93bbb,Konstantin Gribov,2019-04-24 00:51:25+03:00,Refactored ForkParserTikaBinTest for adding slf4j,,-21.0,5107.0
24.0,45.0,org.apache.tika.fork,6745e8db32390ea94ca14f11ef02aa00f1ffc37e,TALLISON,2019-04-30 06:01:05-04:00,Merge remote-tracking branch 'origin/master',,-21.0,5086.0
1373.0,108.0,org.apache.tika.fork,e7b481dd763ff4f586a94b981281923e4604010a,Chris Mattmann,2018-07-08 19:35:49-07:00,Merge branch 'master' of github.com:/apache/tika,,1265.0,5139.0
770.0,5.0,org.apache.tika.fork,cb1bbc052188bf5e45e5dc17570180df1fe27df9,tballison,2018-05-31 15:25:08-04:00,Merge remote-tracking branch 'origin/master' into TIKA-2653,TIKA-2653,765.0,3783.0
695.0,129.0,org.apache.tika.fork,ab0921a36ba8226d3393b1712b9c28d4af9e9e0e,Jukka Zitting,2011-01-17 16:56:13+00:00,TIKA-416: Out-of-process text extraction,TIKA-416,566.0,761.0
444.0,3.0,org.apache.tika.fork,0e8f44459fbbed991171e9eafb3395df6060fb7a,tballison,2018-05-30 16:24:25-04:00,TIKA-2655,TIKA-2655,441.0,2693.0
405.0,80.0,org.apache.tika.fork,5ae7cc5d59006e15baa3347954e0545468c0dc94,tballison,2018-05-31 14:53:42-04:00,TIKA-2655--update to allow handlers to process data on the server and not have to proxy it back.  Handle non-serializable contenthandlers slightly better.,TIKA-2655,325.0,3018.0
0.0,413.0,org.apache.tika.metadata,fd4a584811f027ba94961126e5832c86759b2267,Jukka Zitting,2009-06-02 00:44:21+00:00,TIKA-234: Drop SpellCheckedMetadata,TIKA-234,-413.0,825.0
275.0,502.0,org.apache.tika.metadata,10a8eec119c7a77be76000b30aaffb96a552cc44,tballison,2018-01-26 13:26:27-05:00,TIKA-1974 -- remove deprecated metadata properties/keys for Tika 2.0,TIKA-1974,-227.0,6443.0
275.0,502.0,org.apache.tika.metadata,e6e3b8817053e981f3843f1d3b7055b4ae30ed73,tballison,2018-01-26 13:27:26-05:00,Merge branch 'TIKA-1974',TIKA-1974,-227.0,6216.0
0.0,92.0,org.apache.tika.metadata,25f7a4d5dac3b7d4bebaed41ef43bf37d1e86814,Jukka Zitting,2011-10-27 16:13:26+00:00,TIKA-703: Drop deprecated methods/classes/interfaces,TIKA-703,-92.0,2097.0
4.0,41.0,org.apache.tika.metadata,dfee81089d1492039ab698528212e1cef4108ea2,Nick Burch,2013-10-24 15:27:28+00:00,"Pull the Date -> ISO8601 logic out of Metadata to a common utils class, so that other bits of Tika (eg TIKA-1188) can use it",TIKA-1188,-37.0,4680.0
1289.0,1.0,org.apache.tika.metadata,34c029356e5548badbe4e36006036d1c6a0086af,Nick Burch,2012-01-27 16:49:20+00:00,"TIKA-842 IPTC Metadata Properties, including full descriptions of all the properties taken from the Specification, along with appropriate License/Notice information for this.",TIKA-842,1288.0,3432.0
1142.0,0.0,org.apache.tika.metadata,77428b0f44a61f2f92d9c03fba46b32f01d16d1c,Chris Mattmann,2007-06-08 22:54:31+00:00,patch for TIKA-5,TIKA-5,1142.0,1142.0
545.0,0.0,org.apache.tika.metadata,3bdcd9714b8259c7c8c2ae1d5837148016d5bdaf,tallison,2020-07-16 15:58:00-04:00,"TIKA-3137 -- first pass, need to add unit tests for tika-batch",TIKA-3137,545.0,7157.0
540.0,0.0,org.apache.tika.metadata,bf224dc2f09c029df3f93ae0b136eb294e2c233f,tallison,2020-07-17 13:02:26-04:00,Merge remote-tracking branch 'origin/TIKA-3140' into main,TIKA-3140,540.0,7692.0
533.0,0.0,org.apache.tika.metadata,0fa888e8d681eaea34de59d67bf4a15472bc859a,Jukka Zitting,2010-01-30 19:34:44+00:00,TIKA-199: Improved audio detection and parsing,TIKA-199,533.0,1469.0
0.0,1336.0,org.apache.tika.mime,8dbb5736fa92b323e270e2075b42dce458a3abd6,tallison,2020-12-02 09:41:07-05:00,TIKA-3241 -- clarify parser module structure,TIKA-3241,-1336.0,15682.0
0.0,524.0,org.apache.tika.mime,ca9b4b7479b4978bd587452a176470d7c4710beb,Chris Mattmann,2013-06-16 00:28:09+00:00,Fix for TIKA-1129: Test HTML file has poorly chosen GPL text in it,TIKA-1129,-524.0,9683.0
31.0,190.0,org.apache.tika.mime,25f7a4d5dac3b7d4bebaed41ef43bf37d1e86814,Jukka Zitting,2011-10-27 16:13:26+00:00,TIKA-703: Drop deprecated methods/classes/interfaces,TIKA-703,-159.0,8212.0
19.0,123.0,org.apache.tika.mime,5087833918ccb065d8f20743a3ef8d18164ab3ee,Jukka Zitting,2007-10-23 11:05:58+00:00,TIKA-87 - MimeTypes should allow modification of MIME types     - Reversed the MimeTypes -> MimeTypesReader dependency     - Work in progress,TIKA-87,-104.0,2364.0
104.0,182.0,org.apache.tika.mime,9fce256813d12e7aeef73bfc6ed3896ad414dc24,Jukka Zitting,2007-10-14 20:07:20+00:00,TIKA-66 - Use Java 5 features in org.apache.tika.mime     - Use Java 5 generics and foreach constructs to simplify code     - Removed some unused variables and method parameters     - Other minor cleanups,TIKA-66,-78.0,2253.0
2627.0,0.0,org.apache.tika.mime,f4f7f72f524747ad0cc0aa03ae6f11bbce695d02,Jukka Zitting,2009-09-27 13:21:29+00:00,TIKA-285: Update media type registry to the latest httpd mime type database,TIKA-285,2627.0,6186.0
2340.0,0.0,org.apache.tika.mime,376241396ff4f055188039211af70d9f76c1d4f1,Chris Mattmann,2007-09-21 15:07:58+00:00,- patch for TIKA-6,TIKA-6,2340.0,2340.0
1336.0,0.0,org.apache.tika.mime,a43784b19f6b0955478dded71521b0491d21c90b,tallison,2020-12-02 11:58:44-05:00,"TIKA-3241 -- fix git add problems, replace some test documents that were  modified in the move, update poms",TIKA-3241,1336.0,17018.0
1081.0,0.0,org.apache.tika.mime,281fedfc86acbb5e01015f1462a27a86a65403f0,Chris Mattmann,2015-05-02 04:58:35+00:00,Fix for TIKA-1571 add probabilistic mime selection contributed by LukeLiush <hanson311biz@gmail.com> this closes #41.,TIKA-1571,1081.0,12264.0
837.0,2.0,org.apache.tika.mime,8d76fd9c2106b55bb08a47a6c71df30e55d54687,Chris Mattmann,2010-01-20 02:02:38+00:00,- fix for TIKA-366 Increase buffer size for mime type sniffing,TIKA-366,835.0,7438.0
0.0,37443.0,org.apache.tika.parser,8dbb5736fa92b323e270e2075b42dce458a3abd6,tallison,2020-12-02 09:41:07-05:00,TIKA-3241 -- clarify parser module structure,TIKA-3241,-37443.0,137607.0
0.0,6990.0,org.apache.tika.parser,82a4e4911b04ca03294a5c5ec268a36bbe70745b,Chris Mattmann,2011-06-07 15:45:32+00:00,"- progress towards TIKA-245 Support of CHM Format (Oleg's patch, in parts, as suggested by Jukka)",TIKA-245,-6990.0,32184.0
144.0,3134.0,org.apache.tika.parser,e5bf6502b2661cbc6f6f49f63cc3c39c525dd37c,Jukka Zitting,2009-05-22 21:11:42+00:00,TIKA-204: Use commons-compress for parsing packages,TIKA-204,-2990.0,10360.0
81.0,1146.0,org.apache.tika.parser,77900ab626a2a05700cadf46f090966295c29149,tballison,2017-06-01 15:16:09-04:00,"TIKA-2341 -- upgrade commons-compress to 1.14, added capabilities for snappy and lz4-framed",TIKA-2341,-1065.0,139295.0
1.0,1017.0,org.apache.tika.parser,888f51fe5ba7d735fecfa7d2aa4acb6fe8d69508,TALLISON,2019-02-11 12:35:32-05:00,TIKA-2756 -- upgrade Jackcess and remove dependencies on commons-lang,TIKA-2756,-1016.0,160320.0
26777.0,0.0,org.apache.tika.parser,a43784b19f6b0955478dded71521b0491d21c90b,tallison,2020-12-02 11:58:44-05:00,"TIKA-3241 -- fix git add problems, replace some test documents that were  modified in the move, update poms",TIKA-3241,26777.0,164384.0
24275.0,3254.0,org.apache.tika.parser,e56e2b2915e8cebcf97c69cdcb3ecff861434f61,Madhav Sharan,2017-05-03 20:11:55-07:00,Merge remote-tracking branch 'apache/master',,21021.0,135298.0
10666.0,0.0,org.apache.tika.parser,12198666bf0cf6811613c9ae27c4a384e42875b1,tallison,2020-12-02 12:04:33-05:00,TIKA-3241 -- fix more git add problems,TIKA-3241,10666.0,175050.0
6990.0,0.0,org.apache.tika.parser,e152e264aab1cd0dfa9d431c4ebee2affd5e8dd2,Oleg Tikhonov,2011-06-07 13:22:16+00:00,"added chm patch included tests, changed tika-bundle-it pom.xml, version 0.9 --> 1.0",,6990.0,33349.0
5879.0,6.0,org.apache.tika.parser,c85f5cc4729f1d6bd81c24bab375e89fd1037237,Nicholas DiPiazza,2019-12-16 15:56:48-06:00,squash commits of one note tika parser (#303),,5873.0,171051.0
0.0,15171.0,org.apache.tika.parser.microsoft,8dbb5736fa92b323e270e2075b42dce458a3abd6,tallison,2020-12-02 09:41:07-05:00,TIKA-3241 -- clarify parser module structure,TIKA-3241,-15171.0,36369.0
1.0,1017.0,org.apache.tika.parser.microsoft,888f51fe5ba7d735fecfa7d2aa4acb6fe8d69508,TALLISON,2019-02-11 12:35:32-05:00,TIKA-2756 -- upgrade Jackcess and remove dependencies on commons-lang,TIKA-2756,-1016.0,35117.0
126.0,729.0,org.apache.tika.parser.microsoft,376318fc1b34014ec31d5fbfdfa962183ea8c717,tballison,2016-12-20 13:16:20-05:00,TIKA-2220 - refactor new sax pptx and docx to reduce code duplication.,TIKA-2220,-603.0,18747.0
6.0,590.0,org.apache.tika.parser.microsoft,1cd1b27955a969faefc7c6f3c2c70987bd3f693a,Jukka Zitting,2008-02-18 23:13:55+00:00,TIKA-123: Structured MS Office parsing     - Replaced custom Word parsing code with WordExtractor from POI HWPF,TIKA-123,-584.0,-917.0
6.0,533.0,org.apache.tika.parser.microsoft,9398c06ff62b72c6d9b66996a824ca45daf32f74,Jukka Zitting,2008-02-18 23:08:30+00:00,TIKA-123: Structured MS Office parsing     - Replaced custom PowerPoint parser with PowerPointExtractor from POI HSLF,TIKA-123,-527.0,-333.0
10507.0,0.0,org.apache.tika.parser.microsoft,12198666bf0cf6811613c9ae27c4a384e42875b1,tallison,2020-12-02 12:04:33-05:00,TIKA-3241 -- fix more git add problems,TIKA-3241,10507.0,51540.0
21141.0,10921.0,org.apache.tika.parser.microsoft,f9104d17ad0b92b243501fdf0863b4ccdaa5e791,Tim Allison,2020-08-21 11:32:26-04:00,Branch 2x (#341),,10220.0,51473.0
9196.0,432.0,org.apache.tika.parser.microsoft,e56e2b2915e8cebcf97c69cdcb3ecff861434f61,Madhav Sharan,2017-05-03 20:11:55-07:00,Merge remote-tracking branch 'apache/master',,8764.0,29987.0
5879.0,0.0,org.apache.tika.parser.microsoft,c85f5cc4729f1d6bd81c24bab375e89fd1037237,Nicholas DiPiazza,2019-12-16 15:56:48-06:00,squash commits of one note tika parser (#303),,5879.0,40814.0
4664.0,0.0,org.apache.tika.parser.microsoft,a43784b19f6b0955478dded71521b0491d21c90b,tallison,2020-12-02 11:58:44-05:00,"TIKA-3241 -- fix git add problems, replace some test documents that were  modified in the move, update poms",TIKA-3241,4664.0,41033.0
0.0,2924.0,org.apache.tika.parser.microsoft.chm,8dbb5736fa92b323e270e2075b42dce458a3abd6,tallison,2020-12-02 09:41:07-05:00,TIKA-3241 -- clarify parser module structure,TIKA-3241,-2924.0,4056.0
2.0,3.0,org.apache.tika.parser.microsoft.chm,f23d3777120dd86e1a5e8c1cd43f6f178f1ec956,PeterAlfredLee,2020-11-28 11:17:17+08:00,Simplify some bool statement,,-1.0,6980.0
2.0,3.0,org.apache.tika.parser.microsoft.chm,dd85c73094dc87f6f6e208278325be810761f490,THausherr,2020-12-14 05:50:27+01:00,Merge origin/main into main,,-1.0,6979.0
2.0,3.0,org.apache.tika.parser.microsoft.chm,7f65d61b4fe1f4c1d4929bbe1c456c68afd44b6c,THausherr,2020-12-14 06:57:27+01:00,TIKA-3248: revert accidental commit (2nd try),TIKA-3248,-1.0,6979.0
3.0,3.0,org.apache.tika.parser.microsoft.chm,faad4c316634880df054dc6178e18f172a132d4e,PeterAlfredLee,2020-11-17 10:58:56+08:00,Simplify some test code by using method TikaTest#getResourceAsStream,,0.0,6981.0
6981.0,0.0,org.apache.tika.parser.microsoft.chm,f9104d17ad0b92b243501fdf0863b4ccdaa5e791,Tim Allison,2020-08-21 11:32:26-04:00,Branch 2x (#341),,6981.0,6981.0
2250.0,0.0,org.apache.tika.parser.microsoft.chm,12198666bf0cf6811613c9ae27c4a384e42875b1,tallison,2020-12-02 12:04:33-05:00,TIKA-3241 -- fix more git add problems,TIKA-3241,2250.0,6980.0
674.0,0.0,org.apache.tika.parser.microsoft.chm,a43784b19f6b0955478dded71521b0491d21c90b,tallison,2020-12-02 11:58:44-05:00,"TIKA-3241 -- fix git add problems, replace some test documents that were  modified in the move, update poms",TIKA-3241,674.0,4730.0
3.0,2.0,org.apache.tika.parser.microsoft.chm,326b7d7abda238ccc181fc2acaf2271e08fe9c1b,THausherr,2020-12-14 06:34:03+01:00,"Revert ""Merge origin/main into main""",,1.0,6980.0
3.0,3.0,org.apache.tika.parser.microsoft.chm,faad4c316634880df054dc6178e18f172a132d4e,PeterAlfredLee,2020-11-17 10:58:56+08:00,Simplify some test code by using method TikaTest#getResourceAsStream,,0.0,6981.0
0.0,1927.0,org.apache.tika.parser.microsoft.onenote,8dbb5736fa92b323e270e2075b42dce458a3abd6,tallison,2020-12-02 09:41:07-05:00,TIKA-3241 -- clarify parser module structure,TIKA-3241,-1927.0,4178.0
1019.0,1020.0,org.apache.tika.parser.microsoft.onenote,f9104d17ad0b92b243501fdf0863b4ccdaa5e791,Tim Allison,2020-08-21 11:32:26-04:00,Branch 2x (#341),,-1.0,6105.0
1.0,1.0,org.apache.tika.parser.microsoft.onenote,6401ca084ac9409bf6b6c94b2fa4ff293e427133,Lee,2020-11-19 21:09:56+08:00,Add dependency commons-io to tika-core in main branch (#370),,0.0,6105.0
6.0,3.0,org.apache.tika.parser.microsoft.onenote,a2f35a32fd989e940b70485a8f979ad92a375483,tallison,2020-04-02 13:11:30-04:00,Improve TikaMemoryLimitException msg,,3.0,6106.0
5.0,1.0,org.apache.tika.parser.microsoft.onenote,aaa9f40e3c8119f1a155e3f1eea5c2ffe7f4f26f,tallison,2020-04-01 12:02:15-04:00,TIKA-3081 -- convert TikaInputStream's skip to the equivalent of skipFully,TIKA-3081,4.0,6103.0
5879.0,0.0,org.apache.tika.parser.microsoft.onenote,c85f5cc4729f1d6bd81c24bab375e89fd1037237,Nicholas DiPiazza,2019-12-16 15:56:48-06:00,squash commits of one note tika parser (#303),,5879.0,5879.0
1927.0,0.0,org.apache.tika.parser.microsoft.onenote,12198666bf0cf6811613c9ae27c4a384e42875b1,tallison,2020-12-02 12:04:33-05:00,TIKA-3241 -- fix more git add problems,TIKA-3241,1927.0,6105.0
377.0,192.0,org.apache.tika.parser.microsoft.onenote,db87546dcb4072996f349731ca877509c989c8c7,Nicholas DiPiazza,2020-01-29 07:08:52-08:00,Addendum to Tika 2224 - Add support for OneNote 2007 and earlier (#307),,185.0,6064.0
53.0,34.0,org.apache.tika.parser.microsoft.onenote,d891430da23f071625c2ae62d1def041efd15d81,Nicholas DiPiazza,2020-03-30 08:58:11-05:00,use byte buffers when reading the legacy OneNote 2007 files (#314),,19.0,6099.0
16.0,0.0,org.apache.tika.parser.microsoft.onenote,350df7eacc266c0497a8f5aae068d90508abf3ff,tallison,2020-03-11 09:12:56-04:00,Add licenses found by rat check.,,16.0,6080.0
0.0,4971.0,org.apache.tika.parser.microsoft.ooxml,8dbb5736fa92b323e270e2075b42dce458a3abd6,tallison,2020-12-02 09:41:07-05:00,TIKA-3241 -- clarify parser module structure,TIKA-3241,-4971.0,15603.0
126.0,729.0,org.apache.tika.parser.microsoft.ooxml,376318fc1b34014ec31d5fbfdfa962183ea8c717,tballison,2016-12-20 13:16:20-05:00,TIKA-2220 - refactor new sax pptx and docx to reduce code duplication.,TIKA-2220,-603.0,9342.0
2.0,283.0,org.apache.tika.parser.microsoft.ooxml,fbd2a4ea272ad90812d50b6c9fec3cd50b3d632b,tballison,2017-03-23 09:34:48-04:00,undo super bone-headed commit that was intended for personal fork.  Wait until poi-3.16-beta3.,,-281.0,9519.0
178.0,337.0,org.apache.tika.parser.microsoft.ooxml,313ef8b53ad3bba3f0910bcfb25db683ba6ba209,tallison,2019-11-13 06:11:19-08:00,TIKA-2984 -- clean up tests; rely on TikaTest functionality more often,TIKA-2984,-159.0,20418.0
2.0,146.0,org.apache.tika.parser.microsoft.ooxml,5cb8d9a9e091ee61c8dc0f334d23c7677f5f519b,TALLISON,2018-08-03 10:34:45-04:00,TIKA-2703 -- related...simplify XSSFB to use more of XSSF rather copy/paste,TIKA-2703,-144.0,20440.0
6412.0,216.0,org.apache.tika.parser.microsoft.ooxml,e56e2b2915e8cebcf97c69cdcb3ecff861434f61,Madhav Sharan,2017-05-03 20:11:55-07:00,Merge remote-tracking branch 'apache/master',,6196.0,16987.0
2785.0,0.0,org.apache.tika.parser.microsoft.ooxml,a43784b19f6b0955478dded71521b0491d21c90b,tallison,2020-12-02 11:58:44-05:00,"TIKA-3241 -- fix git add problems, replace some test documents that were  modified in the move, update poms",TIKA-3241,2785.0,18388.0
2186.0,0.0,org.apache.tika.parser.microsoft.ooxml,12198666bf0cf6811613c9ae27c4a384e42875b1,tallison,2020-12-02 12:04:33-05:00,TIKA-3241 -- fix more git add problems,TIKA-3241,2186.0,20574.0
1954.0,159.0,org.apache.tika.parser.microsoft.ooxml,90cdf1f6a844e0d0541167bc0364bb3963f93b2d,tballison,2016-12-16 19:46:55-05:00,TIKA-2210 -- add experimental SAX parser for pptx -- this is a first cut.  More refactoring is in order.,TIKA-2210,1795.0,9870.0
1258.0,0.0,org.apache.tika.parser.microsoft.ooxml,81fad8c97e60a3de7d926dc4ce10cbd235549583,tballison,2016-11-23 14:04:50-05:00,TIKA-2179 -- add detection and parsing for word2006ml files,TIKA-2179,1258.0,5635.0
0.0,1736.0,org.apache.tika.parser.txt,8dbb5736fa92b323e270e2075b42dce458a3abd6,tallison,2020-12-02 09:41:07-05:00,TIKA-3241 -- clarify parser module structure,TIKA-3241,-1736.0,2658.0
1802.0,1975.0,org.apache.tika.parser.txt,5239ee7922c52a6a5281f3671ee9b31f7707f5bb,Tim Allison,2015-05-29 14:36:21+00:00,TIKA-1643: clean up code in tika-parsers -- changed all newlines to lf and autocorrected code for most parsers that I've mis-styled.,TIKA-1643,-173.0,3871.0
833.0,893.0,org.apache.tika.parser.txt,d698d49793bb96aee6a8bfcc4a174c922cb83cb8,tballison,2016-07-26 15:26:40-04:00,"TIKA-2041, step 1, upgrade icu4j components; add back ebcdic and bump bytesRead back to 12000 from the ""modern"" 8000",TIKA-2041,-60.0,3801.0
73.0,130.0,org.apache.tika.parser.txt,6621297537770ca9149e06ee2977483009f8860f,Jukka Zitting,2012-07-08 00:34:16+00:00,TIKA-471: Avoid Charset name bottleneck when multiple threads are using HtmlParser,TIKA-471,-57.0,3888.0
5.0,61.0,org.apache.tika.parser.txt,b8beefd21e5b33dd824baca096080668e7cff27a,Jukka Zitting,2012-07-08 12:04:17+00:00,TIKA-471: Avoid Charset name bottleneck when multiple threads are using HtmlParser,TIKA-471,-56.0,3930.0
3082.0,3.0,org.apache.tika.parser.txt,d9493ee520d41bfc8be8a3bd959dde6e136729e7,Jukka Zitting,2009-05-22 18:21:59+00:00,TIKA-233: Inline the ICU4J charset detection logic,TIKA-233,3079.0,3245.0
1736.0,0.0,org.apache.tika.parser.txt,a43784b19f6b0955478dded71521b0491d21c90b,tallison,2020-12-02 11:58:44-05:00,"TIKA-3241 -- fix git add problems, replace some test documents that were  modified in the move, update poms",TIKA-3241,1736.0,4394.0
204.0,37.0,org.apache.tika.parser.txt,6bc0537b260d826bbfc6cf04d06963b86e230d72,Jukka Zitting,2012-07-07 19:22:01+00:00,TIKA-322: Improve encoding detection speed and accuracy,TIKA-322,167.0,3923.0
137.0,0.0,org.apache.tika.parser.txt,eb73a4be05f53e33679146810c28e74224f8b359,Nick Burch,2011-09-23 11:54:11+00:00,TIKA-720 Add Charset Detector for the IBM500 (EBCDIC) charset,TIKA-720,137.0,3666.0
152.0,16.0,org.apache.tika.parser.txt,bd9a9b911b4e0205c9dfd4527063e6e1c0fd0c44,tballison,2016-08-11 16:03:43-04:00,TIKA-2041 - add important diffs between new copy/paste from ICU4J and legacy code which may have included Tika-specific mods.,TIKA-2041,136.0,3937.0
132.0,238.0,org.apache.tika.sax,64e1e5180b49b78fa4559b3d88503e6d9825483c,Jukka Zitting,2008-04-10 10:52:06+00:00,TIKA-113: Metadata (such as title) should not be part of content     - Added BodyContentHandler that only processes XHTML body events     - Added utility constructors for WriteOutContentHandler and BodyContentHandler     - Updated test cases and related code to use BodyContentHandler where appropriate     - Removed AppendableAdaptor class as it's not used anymore,TIKA-113,-106.0,990.0
89.0,183.0,org.apache.tika.sax,fd8514c2c512d9dcc1039aadf1dbc64c1ff6d3fc,Chris Mattmann,2015-06-29 14:34:29+00:00,Rollback r1688087 as it seems to cause some tests to fail.,,-94.0,5023.0
0.0,53.0,org.apache.tika.sax,8dbb5736fa92b323e270e2075b42dce458a3abd6,tallison,2020-12-02 09:41:07-05:00,TIKA-3241 -- clarify parser module structure,TIKA-3241,-53.0,7424.0
19.0,35.0,org.apache.tika.sax,ebe7995a870c96ad5a7c9b05ed24bdb940bd166a,Jukka Zitting,2009-12-13 22:01:51+00:00,TIKA-343: some parsers produces glued words,TIKA-343,-16.0,2326.0
0.0,7.0,org.apache.tika.sax,25f7a4d5dac3b7d4bebaed41ef43bf37d1e86814,Jukka Zitting,2011-10-27 16:13:26+00:00,TIKA-703: Drop deprecated methods/classes/interfaces,TIKA-703,-7.0,4025.0
750.0,1.0,org.apache.tika.sax,5e97d465816ea70aa29b883487ccbd30622c3b26,Jukka Zitting,2008-01-21 20:29:31+00:00,TIKA-116: Streaming parser for OpenDocument files     - Streaming XPath implementation in o.a.tika.sax.xpath     - New o.a.tika.sax utility classes     - Streaming XML parser     - Avoid closing the input stream while parsing XML     - Streaming OpenDocument parser     - Extract correct OpenDocument MIME type while parsing,TIKA-116,749.0,987.0
649.0,0.0,org.apache.tika.sax,b5f5403fb150f2a290fe1cfa10a6fe572b1dd50a,Tim Allison,2017-10-23 20:31:08-04:00,Merge branch 'master' into patch-2,,649.0,6883.0
634.0,0.0,org.apache.tika.sax,e76302196ebcafb7b51fce37fbe8256e6c0fbc51,Giuseppe Totaro,2017-08-29 18:39:45-07:00,Improvement for TIKA-2449 contributed by Giuseppe Totaro,TIKA-2449,634.0,6219.0
590.0,71.0,org.apache.tika.sax,fcde81cfbf6f7d4a7ba4e148471f1ce622d59f92,Jukka Zitting,2011-09-25 09:42:05+00:00,TIKA-651: Unescaped attribute value generated,TIKA-651,519.0,3701.0
339.0,16.0,org.apache.tika.sax,e2293d302bc5f447563c5c6c93907b55bba6e91b,Tim Allison,2014-10-27 17:00:03+00:00,TIKA-1459 fix write limit bug in BasicContentHandlerFactory when creating a BodyContentHandler,TIKA-1459,323.0,4830.0
208.0,339.0,org.apache.tika.server,e3fbbfbe54b2aece1d282b57d2ae08863549f20d,Tim Allison,2014-12-19 15:46:57+00:00,TIKA-1499: fold MetadataEP in tika-server into MetadataResource,TIKA-1499,-131.0,4148.0
154.0,248.0,org.apache.tika.server,abb7e351a23a9855a76066af8a014402c844b103,Chris Mattmann,2012-03-28 04:05:10+00:00,"- TIKA-593: improvement: use CXF client for test harnesses, remove all extraneous pom.xml dependencies and remove dep on commons-httpclient",TIKA-593,-94.0,1378.0
109.0,183.0,org.apache.tika.server,0d2fe299993ebab5c28cf4a8bd145bb16cbeee66,Nick Burch,2014-04-11 19:52:32+00:00,TIKA-1270 Prep for new endpoints - refactor server unit tests to reduce duplication,TIKA-1270,-74.0,2206.0
4.0,45.0,org.apache.tika.server,98672cdd92b6325ff78c763955a7c045b364095b,Tim Allison,2015-07-23 13:00:00+00:00,TIKA-1690: revert changes made in r1678515 that added fileUrl capability in tika-server,TIKA-1690,-41.0,5107.0
82.0,121.0,org.apache.tika.server,0d8f030f02830a39e004fbfbd6989128ec2047d7,Konstantin Gribov,2017-03-24 02:38:21+03:00,Merge branch 'logging-refactored',,-39.0,5534.0
1042.0,0.0,org.apache.tika.server,92573a191fc1f4968b643c5c83489886fe9d8bec,Maxim Valyanskiy,2011-02-24 09:39:17+00:00,TIKA-593: JAX-RS network server,TIKA-593,1042.0,1042.0
938.0,258.0,org.apache.tika.server,f10c8fe884987920c5332885f414ecd8c06ddc05,TALLISON,2018-09-11 16:16:34-04:00,TIKA-2725 -- further cleanups and merge conflicts,TIKA-2725,680.0,7622.0
524.0,5.0,org.apache.tika.server,bf1b2418d47e9fa47e0634825341921d7edd1ee8,TALLISON,2018-09-07 19:16:32-04:00,"TIKA-2725 -- checkpoint commit ... basic child process is started...need to integrate actual statuswatcher, etc.",TIKA-2725,519.0,6942.0
413.0,0.0,org.apache.tika.server,1b7871d2a5cf7de542943038827709c69ea861b9,Chris Mattmann,2013-01-27 19:18:26+00:00,Apply patch from Raimund Merkert and Chris Mattmann for TIKA-1047: Provide a JAX-RS to detect only mediatype.,TIKA-1047,413.0,1955.0
476.0,152.0,org.apache.tika.server,dadd8696415f5f77436fbf8d4a0b11e7149205eb,Tim Allison,2015-02-20 19:11:44+00:00,TIKA-1323: allow tika-server to return stack traces from parse exceptions for easier analysis of parser exceptions via tika-server.,TIKA-1323,324.0,4505.0
2.0,229.0,org.apache.tika.utils,83cb301f046cf5621e6e71bcd907fef52c491078,Chris Mattmann,2007-09-24 17:12:50+00:00,- remove Hadoop/Nutch Configuration and Configurable interfaces - wire together MimeUtils and tika config.xml file - wire together MimeUtils and TikaConfig,,-227.0,896.0
0.0,212.0,org.apache.tika.utils,1b6a5639611fcea5e81d6891fced6340832b3680,Jukka Zitting,2009-09-11 20:45:34+00:00,TIKA-276: Drop the StringUtils class,TIKA-276,-212.0,599.0
0.0,183.0,org.apache.tika.utils,25f7a4d5dac3b7d4bebaed41ef43bf37d1e86814,Jukka Zitting,2011-10-27 16:13:26+00:00,TIKA-703: Drop deprecated methods/classes/interfaces,TIKA-703,-183.0,654.0
0.0,160.0,org.apache.tika.utils,aceff84889da091010bcd893809427428a8b68a6,Jukka Zitting,2007-10-07 22:52:54+00:00,"TIKA-48 - Merge MS Extractors and Parsers     - Moved MSExtractor base class to org.apache.tika.ms.MSParser     - Extracted the PropertiesReaderListener class to a top level class     - Merged MS Extractor classes to MS Parsers     - Refactored the Excel parsing functionality into smaller methods     - Various cleanups (indentation, formatting, etc.)",TIKA-48,-160.0,764.0
0.0,148.0,org.apache.tika.utils,8189f14efb2e918f5ba941407f05fab9a01ea365,Jukka Zitting,2009-05-20 20:34:37+00:00,TIKA-220: Remove obsolete utility code,TIKA-220,-148.0,811.0
440.0,0.0,org.apache.tika.utils,6e3ee160366ebd6b336d7b9f12984486a3bb886e,Jukka Zitting,2007-08-17 18:17:06+00:00,"TIKA-7: Added the Lius Lite code from Rida. External dependencies are not included, need to update the POM with proper dependency settings.",TIKA-7,440.0,440.0
433.0,0.0,org.apache.tika.utils,376241396ff4f055188039211af70d9f76c1d4f1,Chris Mattmann,2007-09-21 15:07:58+00:00,- patch for TIKA-6,TIKA-6,433.0,983.0
429.0,3.0,org.apache.tika.utils,e56e2b2915e8cebcf97c69cdcb3ecff861434f61,Madhav Sharan,2017-05-03 20:11:55-07:00,Merge remote-tracking branch 'apache/master',,426.0,3028.0
358.0,0.0,org.apache.tika.utils,afb7e3643a61e9dc6c4921b12bc145b1be4e1402,Chris Mattmann,2016-08-14 11:46:30-07:00,Merge branch 'TIKA-1508',TIKA-1508,358.0,2176.0
358.0,0.0,org.apache.tika.utils,d50a69361bd0196fb2595313cb47222f61701ba4,Lewis John McGibbney,2016-09-21 08:06:47-07:00,Merge branch 'master' into TIKA-1343,TIKA-1343,358.0,2534.0
